Ad_Spend,Product_Price,Discount,Location,Season,Sales
4370.861069626262,26.66196359547577,7.851170512077179,East,Winter,40.04355411163681
9556.428757689246,58.77108526405223,7.409363972159994,North,Winter,15.109594550408076
7587.945476302646,88.56512522887675,27.1876374156311,North,Autumn,20.16192235623331
6387.926357773329,75.9002397768605,7.486385995485183,West,Spring,-2.712024542715951
2404.1677639819286,82.59050330753047,8.15849178385893,East,Autumn,-14.548323174233078
2403.9506830258238,69.29050300396456,22.78194787253891,South,Autumn,20.41551667844192
1522.7525095137953,72.30489080660672,13.4921952735162,West,Winter,0.4132213524235693
8795.585311974417,86.42760864087873,23.301316708655435,East,Spring,10.21146605464796
6410.035105688879,32.470120797326736,1.9609847269315572,East,Summer,28.503491752370834
7372.653200164409,54.04824672788264,14.62713581020153,South,Spring,30.03205098805694
1185.260448662222,29.908849763764202,1.008408005498479,West,Autumn,24.634917013486174
9729.18866945795,98.89012071969823,1.8795961036606357,East,Autumn,-33.73341703439023
8491.983767203796,94.9653405717952,27.193123600332328,East,Autumn,11.865744083330412
2911.0519961044856,13.54841302316553,4.177361133527855,East,Spring,50.7585921984195
2636.4247048639054,73.50176552641196,15.972620468256514,South,Winter,3.2358531709670766
2650.6405886809043,93.27234856740992,12.332868078021196,West,Autumn,-13.04189883374679
3738.1801866358396,26.25178106146002,10.42029978776528,West,Autumn,46.781186694558585
5722.807884690141,61.11507074973665,26.995000370618175,West,Spring,53.8026740273096
4887.505167779042,92.39394678292376,0.654701903264685,West,Summer,-57.46087216543574
3621.0622617823774,13.055138072721896,19.913690585267673,North,Summer,94.24241649645286
6506.676052501415,72.76782405221559,28.901833026406514,North,Winter,40.84879070403011
2255.4447458683762,36.761410663529574,16.805045503855258,West,Winter,49.61497491097833
3629.3018368169633,93.19565758388774,28.104673860992754,South,Autumn,17.44343305339448
4297.256589643225,97.39524206488309,1.567736378580713,North,Spring,-41.08697998724964
5104.629857953323,94.98398402020905,12.563799572224841,East,Autumn,-18.2430937444121
8066.583652537122,52.67927949917174,7.804733728861535,North,Winter,17.021686430716585
2797.0640394252378,87.58383858903821,21.924628949421894,East,Spring,5.161487703643504
5628.109945722505,86.00944586815633,29.4389127149174,West,Spring,42.17923683311541
6331.731119758382,38.71904259189301,7.6959018733274345,North,Winter,23.77808315730205
1418.0537144799796,84.60239267356096,19.625238044222233,South,Summer,10.429279320545954
6467.903667112945,13.330687124394336,5.942928982792203,North,Summer,71.98029106920471
2534.717113185624,63.66428906338477,16.959907637148298,North,Spring,35.132178765945675
1585.4643368675156,30.700795355893273,13.917974600650085,North,Autumn,46.20546336693566
9539.969835279999,20.851019719955094,29.16015988894611,West,Summer,132.7535625122757
9690.688297671035,16.925788146628825,18.255818180893996,South,Autumn,73.45468451337479
8275.576133048151,72.66598982903258,10.485191162604563,North,Summer,4.225029895913017
3741.5239225603364,40.58874673912595,3.422873546638001,South,Summer,12.200089808658104
1879.0490260574547,75.22900943758853,4.537404862048037,West,Autumn,-25.569216925531727
7158.097238609412,15.882070671904813,6.759507898537053,East,Winter,46.686882006468295
4961.372443656412,38.37613040475493,7.5289998402089395,North,Summer,26.895263721621998
2098.3441136030096,58.55421631378035,25.518481735234133,South,Summer,42.29230104554531
5456.592191001431,81.16508483550672,16.83668364847575,South,Autumn,8.222666875989221
1309.4966900369654,38.68772526388629,15.701727341230994,West,Winter,43.15305964105174
9183.883618709038,66.33022387933082,3.443066156076524,North,Summer,2.2590898106670787
3329.0198344001524,89.73799734125684,25.80419080048305,East,Summer,17.941938710425042
6962.700559185838,65.42768693640741,21.68442909625451,South,Winter,29.73470463493518
3805.3996848046986,30.96635272782704,2.0300508570000475,North,Summer,26.786455788413363
5680.612190600297,12.196070340088422,21.23505291689306,East,Winter,66.05573759360428
5920.392514089517,88.3088986510837,16.30614652027938,South,Winter,-2.6204474324084686
2663.6900997297435,11.914246976534843,2.4517603724033474,South,Autumn,40.34117757112486
9726.261649881028,88.72315054157795,13.749019245859694,East,Spring,3.003142541997783
7976.195410250031,57.60434206244908,14.540888613901409,East,Winter,25.367805737757052
9455.490474077702,94.51609286616066,4.973236204898273,West,Autumn,-20.73239457966371
9053.44615384884,81.89049121962988,28.37094441000847,North,Spring,30.816103359089396
6381.099809299766,99.81406994800037,25.499261144419858,North,Summer,19.241023976552718
9296.868115208052,41.564063390653914,20.07067011987325,West,Spring,78.58840568743432
1796.4325184672755,79.04694600380142,13.868866830018217,South,Winter,2.999037715870335
2763.845761772307,46.1737822248318,12.352966247535255,East,Winter,32.16399246069306
1407.0456001948426,53.18880582735179,19.529204014528624,East,Winter,23.194825410809145
3927.972976869379,66.47549168965331,16.362956082207162,East,Winter,14.044922216253708
4498.095607205338,88.63094027677049,1.8681931764565685,South,Winter,-24.53254244644448
3442.141285965063,98.56751222793656,15.375079463109952,East,Autumn,-9.69103385726839
8458.637582367364,79.14460724780663,24.192108516985186,East,Winter,17.958034936416304
4210.779940242303,47.59901039506004,13.777196327908742,West,Autumn,40.98992898350214
3528.4105871864267,47.922130204936316,1.5586973266280524,South,Summer,15.420592197934885
5884.264748424236,76.38240714300024,23.588345981520995,North,Winter,26.53601638061967
2268.3180247728637,31.48994311914721,6.040913464079232,West,Winter,32.907798674007964
8219.772826786357,19.94267018182552,7.758625046641163,West,Spring,58.625983240487294
1670.9557931179374,41.91599418766989,4.941190602968877,North,Summer,18.63773645671837
9881.982429404656,35.85150924886736,9.906451946144927,West,Winter,48.08781273533807
7950.202923669916,36.66773084103911,22.70254517065905,South,Winter,50.82070135930241
2788.4411338075515,31.024697594491894,15.58157578511812,East,Summer,58.004977263930606
1049.6990541124217,13.78838706727257,6.1464382245213764,South,Autumn,38.44635897271306
8339.152856093508,11.608654126007243,26.334902344561225,North,Winter,78.55871236721362
7361.716094628554,98.89501507624284,26.387455648545874,North,Spring,6.476085244260794
7561.0645123688855,48.49958203622761,26.117352751380206,West,Winter,68.01915207801629
7941.433120173511,44.58939824437135,7.163886341446179,South,Spring,19.149776733313963
1666.4018656068133,71.16825544237628,13.537180325429643,South,Spring,7.667915562175704
4226.191556898453,29.642849907855776,29.54968968422625,North,Winter,78.07354797745465
2042.8215357261674,95.49650655552028,23.16037428929971,South,Winter,-2.4534358424684326
8767.930832880342,80.77105129739968,0.8150226367667945,North,Spring,-21.394475098788366
6609.683141448021,18.046990208103356,1.9561377378147615,South,Summer,46.69290063556219
3978.0822236738427,47.58226982064355,13.917941304369982,South,Summer,33.951249705093446
1572.0251525742128,89.12064768059483,27.276606175846805,South,Winter,22.569555673444924
3798.8408954409597,95.02588200622692,16.161053938581425,North,Autumn,-17.075450232733953
3926.6498982407234,52.06613601248827,14.934375241028707,West,Summer,48.87023726274263
7566.455605042576,65.2070250289637,3.1642109986989175,South,Winter,-1.5668324017240387
6738.017242196918,25.03305514828677,19.70340314172882,North,Summer,90.71535667337692
8984.914683186938,99.20517635232788,24.663094818006766,North,Autumn,11.199339088115128
5249.934326457544,30.850453124509905,11.41260022522687,South,Winter,31.362408480133002
2076.3482134447154,94.84585967216131,23.268355527759823,South,Autumn,3.978867062870801
7419.203085006955,68.46819840931316,28.934299617024347,West,Winter,36.028892786641016
7847.065437552077,64.69631153909732,6.112993773830673,North,Autumn,8.30904915948334
6051.494778125466,56.141965991485776,15.699888935842239,North,Summer,39.68811977581493
7938.704619591049,30.760283054598283,8.614138742537266,East,Summer,52.3599998826111
5444.160367279516,25.887522880495744,23.78563257101518,North,Autumn,81.59430931170739
5704.595464437946,29.84375881631578,17.327800976434727,West,Autumn,67.34290082620339
4847.869165226946,26.779443592982908,19.037472526509113,East,Autumn,60.19543595182828
1228.7721406968567,80.16260262100779,23.93742478847682,East,Winter,11.628541930669
1971.02284293974,41.51127332500571,11.879114179873646,East,Summer,33.72256146537968
1282.8626711806082,15.205840890705673,27.452702052211297,South,Winter,69.77959126976462
6727.6937013740235,97.21923671267302,15.9908660173842,South,Summer,-1.3148526085207022
3829.20382968694,89.54072964670831,4.73864468506044,North,Spring,-30.167267491306845
5577.136220482325,93.49770548756916,20.876973545064075,East,Winter,3.250713247446145
9168.098265334836,99.54170403817918,23.797840513147634,West,Summer,3.5626844595963645
3243.6300623398747,25.650572429753858,9.5028503120258,South,Summer,51.937917058145096
4693.446307320668,45.661781701239285,25.71537770996259,West,Winter,61.23792397868684
7799.960246887438,78.24146281336822,27.184297642972993,West,Winter,41.887852705712596
3059.183489424602,72.6418556248413,8.307134621334267,South,Summer,-7.286418095860389
1692.819188459137,23.850631570586955,29.505644181456663,South,Winter,61.17367426969999
3607.7630762239123,83.42498124915559,4.221345841462752,South,Autumn,-16.376010470676434
2450.9915852860395,30.19965146529946,6.060470052074699,South,Winter,27.075404097190678
9367.278871083157,30.14358533403608,5.526745177140784,East,Winter,31.35907656287239
8273.083416079753,58.32769806040722,26.819691300236112,East,Winter,39.37597000310101
6700.633808593811,63.364594135753286,19.628776569748855,East,Summer,40.70069350265171
8843.145311689459,62.20775870540301,4.563128496668186,East,Autumn,8.43058837111566
8233.04869209203,18.233815365797938,13.20970255105047,North,Spring,68.02099471813405
2679.1305299743226,88.97147763673424,18.458940752094062,East,Spring,7.40274840295569
9033.0309864098,33.90400383298355,2.5039225496814987,South,Autumn,29.15017129700553
5854.080177240857,21.656342915452377,26.47249105222016,West,Autumn,94.83933800066517
8266.961396476563,89.98732718820794,24.108106063246055,East,Autumn,15.204452081976822
9064.82169931144,96.0086348406778,15.156203207299146,North,Summer,-4.671952624138126
3862.0312747467747,87.59148555389055,29.013798457775113,South,Spring,17.990664556612646
1990.467320749091,82.85644672523902,12.532829378252991,West,Autumn,-6.102176312336623
3051.416462877475,68.97177825751196,29.523309571094934,West,Summer,42.720928304352526
4843.970097636307,59.57716335482254,20.03759996410881,East,Spring,39.72428489854607
8362.132893302438,17.828808392026914,19.040138197618244,West,Winter,67.97388939293062
8746.57524930709,46.760789176362884,4.9786468588735495,East,Summer,32.40619682611994
1062.5691747807164,43.54196653110826,26.45783274913932,East,Spring,58.785667672118855
5596.725723198091,33.37784053842935,12.824690637618454,South,Summer,46.341832234846265
4756.699028339011,75.10781023197265,4.867002173474381,South,Spring,-12.380198748396666
2998.970294236572,54.628816157089375,0.3782255992727712,North,Spring,-2.5449479373094066
2078.7883060031454,17.294159431688314,16.792670509151478,South,Winter,54.333091165217745
4038.5365426326516,29.81648817548302,15.82198866368029,South,Summer,42.992712587716476
9486.187335212673,71.49328872936363,21.580608671074756,East,Autumn,33.78504859059555
3908.826388186797,16.851777354127016,26.707741590534063,South,Winter,66.35710772685825
5669.115595690295,86.60862226438918,2.3821975392908854,East,Winter,-25.76817586352256
7327.1706300566,54.56318743125769,21.94489471021087,East,Spring,41.277210653974464
4272.666421413645,53.25279195939832,5.622358322927466,South,Autumn,16.72371055756813
9746.038744488646,63.31670061935658,25.74531159471492,North,Summer,52.26283656696639
9662.025654479,84.22128693326343,24.571905415849685,North,Autumn,18.629619029935796
3266.0406624282773,41.30282871119738,16.22381264956633,West,Autumn,54.105202759162175
5475.236553031469,71.02145373031573,21.307283958699344,West,Autumn,31.06200433126752
3707.904788350927,60.9158767596212,9.430503395512451,South,Autumn,5.640359619028835
3563.5644493972086,34.03254431524792,14.135036967984439,North,Autumn,48.39537675766985
1331.9825261907952,89.07669877196422,24.64910693131415,East,Spring,6.42473419865349
6486.079005819071,81.76834194462353,13.777955915196417,West,Spring,9.333307060441681
5524.1112090597535,69.26066511925829,10.733947959763254,East,Winter,10.430557466954912
1463.3087612499041,86.55235561848177,14.826373417508997,West,Spring,-3.3315228337249865
3507.818178129503,88.05647808638221,24.84747757311655,South,Winter,12.207312391835142
9174.392973699883,73.75266790435313,10.056241421126181,North,Winter,12.619330711623665
3156.057016002752,85.33119955273048,5.212847794072314,West,Summer,-28.71134021136741
2304.0538488210077,72.77243155023552,21.360420609923423,North,Autumn,16.17966196241504
5405.0748424980675,71.21266945842703,24.779346381242455,East,Spring,35.99846771071748
9870.854086995407,65.67502403936659,3.019124355706,South,Summer,10.557670866659123
3178.4974436035036,77.74449756018771,7.196223382678342,North,Spring,-16.77208589887246
7049.219926652907,24.274459476376634,4.259159692829817,South,Winter,28.429751521775515
7854.576537958458,89.27836832790356,10.438242347465,North,Spring,-9.311584594958628
3138.737895931597,88.46591749707088,13.510529367162379,East,Autumn,-7.718080600658896
7553.947137506736,12.632255473110323,22.464790108899194,East,Winter,67.9518031842466
4310.048194473279,84.32350755082864,19.534427546450225,South,Winter,10.55857321274216
6690.752475342215,21.598288072610067,18.627857024352934,East,Summer,92.34322026767676
6701.767396848052,40.16069688332277,10.571248398289633,West,Autumn,41.75736257364201
5821.972156672827,76.9157430662447,25.243426592542797,North,Winter,21.888011927613675
1812.6079304896748,24.46839064434774,14.138615021944936,East,Autumn,43.088980234287995
8517.722460303143,83.6170321707156,29.373148140454635,West,Spring,41.92423977192325
3887.0205847456227,84.89207601619677,19.024264148872106,South,Autumn,10.17591626212823
2678.666593598688,55.67209603847526,3.7879422469350823,West,Winter,6.679962030211681
1366.9762739928751,10.574728454515022,20.28532686226302,South,Summer,80.53737351601553
6318.036488694176,35.83343198574215,9.75312046295097,South,Winter,26.67203076233335
7098.079256580541,65.5234226538168,20.589815900582924,North,Autumn,27.020535537935753
1149.2904603507054,98.30675602246811,2.0892344448721722,North,Autumn,-38.417187640341155
5608.837524693528,66.86321743150015,5.246443115278781,West,Winter,3.655069853451717
3038.4619767814415,33.38232229577439,25.67211776717359,North,Autumn,62.63900901908156
6806.555113685049,67.06051327896502,6.815386710705447,North,Spring,12.45861116173778
2569.2978610449227,58.59868417442699,25.1112337572882,North,Winter,41.415824828984626
7218.439642922193,80.18608556360293,8.378282653632313,West,Summer,1.0386982482529692
4480.618116704836,19.628257494426258,19.286457301761228,East,Winter,53.37170918670038
9430.56989863061,78.49251122518253,20.82451720529493,North,Spring,17.333769537656828
2237.6884973139395,58.71399208084993,15.379642594351587,North,Spring,25.891948561963776
4069.5971594523267,96.66928034730952,9.159320300901939,West,Spring,-26.120544541892816
2021.2616911653017,40.76849494348175,6.379331291132884,East,Spring,32.99323344458414
9322.242564507065,66.93597038205533,0.9956806368727866,North,Spring,-2.301169172199737
8896.05418042883,93.88252949590157,9.118392037221714,South,Summer,-17.783466648838576
3321.4746494364003,19.225875519161132,19.59488371593849,West,Autumn,73.60580216572862
6939.856414307611,94.3505638512806,28.14914455345448,North,Spring,27.541342986884903
8354.999801810944,71.9097150070732,26.136134467891562,North,Spring,37.28342926194402
5996.807304395161,16.10533531946547,22.98194329605908,South,Winter,67.67834497265481
5766.855205204059,37.086721025213464,23.65342029759896,South,Summer,63.919401011884425
3176.670618104065,73.73548797807534,19.94954710427986,West,Summer,36.02700711941456
1837.924910253093,16.061554132189453,7.80860572698009,West,Autumn,59.17129777690583
9074.941821579941,62.39534141586459,27.215850921174894,South,Summer,49.922061552844326
9103.762514469974,41.129475125766106,20.121969357175022,West,Winter,53.396394474166335
6697.9131154594115,65.88239659907293,16.8132189294132,South,Winter,16.370938791707385
4051.2681194383063,14.116783043126157,3.3296840764044324,North,Autumn,48.248082324087235
4142.886171513948,88.43831255371387,13.411666314192763,South,Winter,-5.1021441163625845
7533.601109832154,97.61400722596572,13.81074813605779,South,Spring,-13.885170195925362
9073.992339573193,97.19900697571224,25.9369082856801,East,Spring,12.920644883632999
8983.777818386056,77.46866485686323,16.399446605633653,South,Winter,10.588961751397836
8018.879912718615,21.70776161175688,11.41201646911229,South,Autumn,39.27809942136093
6778.28481538859,78.24368763361203,29.30400985531978,East,Summer,43.376803212995576
1757.2596849554395,12.212822481292136,3.32161779978947,West,Autumn,44.59219201403088
2454.658426851524,11.991119637609753,12.676452849358338,East,Summer,66.0547607191227
9086.987696743712,39.12491972345872,1.2607402551421587,North,Winter,12.361207538253872
6457.86153693631,53.977887136419916,22.19712362300791,East,Winter,30.323807325754217
1082.7734645496669,79.33666760270138,27.542296565974517,North,Spring,22.058807626059465
1913.2438857942889,71.49658389458547,8.401119886514683,West,Summer,-8.350590631566833
6971.515921972502,50.13124357390735,25.750250303973626,East,Autumn,61.29636177928072
1045.5542546159681,34.62639996534993,8.766546913856933,East,Winter,25.05827979000311
2447.272462757488,99.74120501419401,27.323104849317456,West,Autumn,8.900309892821635
5938.604104299275,48.356317201237566,22.61885710790352,North,Spring,60.30464885654043
7227.056779234239,50.62483218967079,24.14720330524316,East,Summer,61.107152844241924
6867.651335523405,24.726143907250226,0.540196668013635,North,Summer,39.729966987411295
3018.423785145038,81.53285938749364,28.884310712220778,East,Winter,18.622173603277382
7409.6129921278225,72.43140032033398,21.800129762109698,South,Summer,35.47477883803521
3135.2417874712005,29.869265150988436,9.142532861584,East,Winter,40.46962046227216
3928.5972834334093,17.414294105425842,24.881839945765407,West,Spring,93.43762751870995
7718.422646062218,71.24493718672417,8.445635952447898,West,Summer,-2.3171089790614356
6846.696091424932,68.90600928530216,26.18261518698384,North,Winter,34.23804161202077
8643.010694447601,34.59335742983884,3.3774117123581107,East,Autumn,23.383608943296622
6918.51603070309,95.57772060253693,21.110579323823874,North,Winter,5.3607680219220475
6114.777430019245,23.59521026028102,16.22095429934731,North,Summer,74.19733885524374
1843.0729104528323,48.91013209383417,2.896034105863224,South,Spring,17.59526043064031
4309.442227534902,94.9254328150839,7.2568148477651695,South,Summer,-19.948121741097665
3386.821309135529,47.775458523351006,0.3721210883194437,West,Summer,9.79238715257152
3195.9067904117524,67.4673352897677,14.063038963935174,North,Winter,16.710831055699494
9757.09499277201,45.78349581665149,9.037957822800012,West,Autumn,40.58533829898766
4537.879522000843,34.67936821138031,17.950724528932763,East,Summer,58.23424522101434
9028.41899659402,98.55798831638454,8.917134231258515,North,Autumn,-25.51862320918348
6680.247633975366,46.84006056835387,8.99757334520954,North,Winter,24.83892318238216
8153.301731874836,90.4689283311221,22.2957959619481,East,Autumn,14.925731352424792
5523.733837946729,30.695914530197758,1.4442850793506035,East,Winter,22.729353167773812
6192.134961637232,29.1794233622575,27.086849855759617,West,Spring,87.96171467993277
5432.6592443697755,12.802067459606022,25.567916231735445,West,Autumn,96.93248619075885
2757.1868901824005,68.65001428382965,20.034140496792194,East,Autumn,21.425030353768726
7502.069037353548,43.1673709351385,17.796647103221527,West,Spring,59.45959714443474
3526.951261967702,87.79224248556733,26.769074944189565,East,Autumn,26.222012593855695
1218.8436978830846,52.588891602240146,5.559905385861433,North,Spring,3.101805470907896
6809.25066316451,97.13740851232495,2.3690748657248584,North,Summer,-40.00509490932294
2593.9961146634405,26.697296413280903,7.185305097286143,South,Winter,34.35327031506932
9464.127259176228,88.17608511600497,23.83734836100571,North,Spring,33.35198635152633
9585.357193023287,79.89371675125676,1.0401080017944997,East,Autumn,-18.225117603507854
9233.779511984038,79.38296601796468,17.484205052504688,West,Spring,20.731645035155683
4331.428302298999,86.03049053051988,29.8631254857393,South,Autumn,25.00955232869327
1139.1095487598068,78.4921591848699,25.670882815126184,West,Summer,32.955284540519514
9354.867063289528,66.35982894682738,15.643370671307684,East,Spring,23.78755345288099
4853.657334855829,21.81203899141488,1.9092272785992703,North,Summer,47.23833931624906
9699.893371393026,12.927356154212672,24.941205431571294,South,Winter,60.47547671104166
9672.579793803276,92.87630630341182,17.969355245316315,East,Autumn,5.530798288203519
8677.08509920624,65.49852830686643,3.4479899117870048,South,Autumn,0.5713951687211597
3650.040028626271,81.68835618785587,2.815718544700686,South,Summer,-23.284061018182364
4465.879557417327,53.3370116361295,27.28880458309777,North,Winter,58.02789349815143
8660.230043651713,20.557737006615504,20.076007888142353,East,Spring,74.87983871936815
3852.298046406499,21.26672129822954,24.878603979502667,West,Spring,96.39288571422857
2525.4347201748324,71.70087585060742,26.36936700846802,South,Autumn,35.25205811199698
6011.211362125151,48.72753054095164,17.153170561449667,South,Summer,37.05541826562533
9425.39296744703,28.047225403030303,15.523390552651238,West,Summer,78.7701713766482
7264.268170074757,54.24350920672932,12.912822309629705,East,Spring,28.111276465450597
6130.550530804285,15.778804336762068,9.508397633733578,South,Winter,45.77199398795314
1874.588443936917,62.37742617229589,13.037878825761354,South,Winter,11.960591371149818
6535.065040292528,34.209406399158794,23.216389671904693,South,Spring,56.06578012426363
9910.48465093837,81.78031905734693,18.057702930453946,East,Spring,11.584728638863385
2260.7561371287165,37.932576303121635,26.77569869864538,East,Summer,71.32708557176048
5664.96687127363,50.969813417362104,13.301400431375631,West,Winter,29.675375126925662
8896.357647351599,11.045848591729058,18.212687361562622,East,Spring,86.40510207189693
7666.91755978784,16.5202199015103,18.93922659275966,East,Spring,81.11617962323673
7273.141668957412,45.32442007660163,17.750914869189767,North,Autumn,38.18478763488837
7322.356755883983,53.19449512454111,21.07901319256549,West,Spring,61.926711545133756
4235.420360977796,64.00184933073734,7.123004051244188,South,Spring,5.168181026440751
3642.3265983804404,36.24963208383729,15.370913326373719,East,Winter,44.045745124208096
8284.250399306624,72.54836975138883,3.12674408425043,South,Summer,-5.731743151656711
8291.020552112626,87.41101574702842,11.535339829344377,South,Winter,-0.3907445382347208
8803.650867220933,80.18658900040148,14.630012058637933,North,Summer,12.353873175028598
9219.16497300824,13.565694281352144,19.566727786364176,East,Autumn,82.36624954085836
5602.08158974844,53.24562525320461,28.515931577586105,West,Spring,74.39948720616592
5513.646652184796,19.44371605763574,18.019531996450677,East,Autumn,64.4574765197123
8184.656610700977,31.78405142762747,22.307817485296795,South,Summer,81.5546296183425
6849.675376999887,98.79963339404318,15.187981784856083,West,Winter,-6.843656482494407
7317.70189531933,22.824598861136188,19.02312094128994,East,Winter,60.32645361742807
8162.13402492491,54.899933810622045,2.1279664840132027,South,Autumn,0.9206549907064487
9010.048076358096,65.63401608863072,7.631747425255409,South,Summer,2.1760088634113055
4041.956411663822,73.22184734896936,10.855592796154161,North,Autumn,3.954923345054929
4380.246573759496,60.36838151382227,14.174800650195408,North,Autumn,22.858181625677556
1845.8374585678212,10.87937626772653,1.369462365071512,North,Spring,44.69825040553702
6204.5212689655655,39.38151774195927,4.20072292659953,South,Autumn,21.002783931395182
1323.4804641706787,56.59404790462403,8.304429233739173,East,Spring,19.281425667242978
5190.382163192141,17.907984923035002,29.14598072703152,North,Spring,108.95650817366885
5883.801712368189,41.55642380882627,9.940410213091523,East,Winter,22.80252462476902
3578.8712691545597,12.98827979122299,14.461231743362475,North,Spring,75.85106191183598
6317.499345121097,17.072064743951866,5.882931382151789,West,Spring,56.383757953452005
1274.5022494514449,45.72309485814365,18.32340213227305,West,Winter,38.64932359085864
1336.1336987429297,21.94441786387543,8.420496465479228,North,Autumn,43.722984133300976
8403.405045936925,61.07867634354023,6.209777353152804,South,Summer,7.282494940725454
4241.7157727013655,72.05184722235391,15.497178853379372,North,Summer,8.35934477065946
2143.544613866963,82.05280291981745,0.16517397481262464,North,Summer,-36.56279235433859
5700.189340493239,28.01352198203291,0.22992097947675982,South,Autumn,20.528211617873612
7929.941977887497,25.07343240331628,6.572064273055734,West,Spring,37.624073604805616
2942.3892474715885,19.411105630096024,1.1016408750246343,East,Summer,50.59936803892647
6606.014282371002,67.2787224589273,3.2407726239207415,North,Autumn,1.2401584889448558
1768.127184943912,73.5828153838211,10.165819480162547,South,Spring,-3.028097576859368
1465.1354905174694,12.842753034307783,24.077570387394385,North,Winter,76.44702426213729
5782.191684113332,94.25910216193208,17.161459301079024,South,Summer,-9.912140976126027
5865.716094490958,14.677415528632517,15.380031778692492,East,Spring,80.42697851229775
6736.869113483859,58.71667017709634,8.804664696243648,East,Summer,27.627568983014417
7534.822003503954,73.81544675058248,27.952611582984492,West,Summer,53.33864851936247
9782.668715162812,88.3872211371477,11.91045123711575,South,Summer,0.33066324044159695
5646.703134710758,74.2678238919185,2.6127830038731448,South,Spring,-11.267208769312647
3906.6082564712137,82.15552747628126,18.511995483534037,West,Autumn,2.2587601171086376
8156.675752918333,40.55051732885255,3.415151804298042,West,Spring,26.852814225412292
3437.490261358668,83.3342602371861,10.356694284050763,South,Summer,-8.438504158127461
4950.7427863507255,17.210336174620764,15.222358161534267,West,Spring,79.09486120929753
1706.1074320803937,90.53349904544748,26.226675740555272,East,Winter,10.026154784454619
1228.1566907391175,59.28331385383626,14.80639741020356,North,Autumn,20.889633471066762
9663.835732101326,83.55679929662443,21.06776298094993,East,Spring,17.838169908049444
8523.821084609852,50.70864560664701,29.78450516997211,West,Winter,64.9396591395787
7263.767854843281,67.92199256768725,3.944673596939449,South,Autumn,-6.5382413092679466
4680.57649972843,57.37623948425019,8.241945765585585,South,Winter,7.346266416727004
2559.648880637612,75.84305695797987,11.837282267929393,East,Autumn,-5.428588382984988
2407.9333840397744,17.34669838275306,12.654845356164941,South,Spring,58.73400311584283
3252.186083481358,15.431687559150742,12.330632257966373,West,Winter,49.875387197819265
5943.039982355084,32.23929106091318,27.228330076696647,East,Summer,92.32119687056182
7431.363304300561,24.359021210186953,21.420979334005693,South,Winter,59.64915437887625
6941.776390459581,88.46052099329815,18.237156422721114,North,Autumn,3.4102186546136486
3519.4050725134857,29.72925886222399,9.281181535883462,North,Spring,32.27050622721192
9593.787525968746,97.82787302372182,24.71371152663884,West,Autumn,10.137727525343209
7641.072250261916,40.320621259399616,28.651815344549668,South,Winter,53.498275828932634
5989.186472602606,26.390612411982936,24.635948476506798,West,Winter,70.86478071742914
6505.486716109171,81.07286564282312,0.046953155744187125,East,Summer,-29.75452104269347
4776.400561850109,69.28369979507886,19.09204110550221,North,Spring,34.460534869301675
3229.5789055104174,54.837614480782506,1.5340614432630217,East,Spring,4.78472312276266
4203.754107861354,59.982719584386814,7.728216610011655,South,Winter,3.6393459635572927
7820.614994179322,74.72816004450374,1.7857410104331506,West,Spring,-25.588870652922328
1129.5413976678028,30.560926719816884,18.11386358848163,West,Summer,72.81285695213023
2044.6537645622461,99.67005244510678,20.597697404778202,West,Autumn,-8.09707078915954
1414.0237781957749,97.73138459321048,3.4346291419771537,East,Spring,-36.96710659424381
1366.5592208707312,68.52931177122431,11.515166491349385,North,Winter,2.8080772451660643
8699.145256099066,27.958820583623062,13.68709526866626,East,Autumn,54.60481177795605
7332.920734420213,71.22054181881622,11.071590652827497,East,Autumn,16.138197379404126
5267.564461785927,16.497856808125825,3.630750014555791,South,Summer,49.607625667043074
1880.5074458590134,12.758725198522546,12.568433705624262,South,Winter,46.09310912779043
5424.5428760514915,33.19145996600923,22.535341434252544,South,Spring,59.74921208095278
5261.245937025091,51.636066106538465,2.130229935997664,North,Winter,5.370001147792688
2558.8168291901366,88.14452548675425,2.4054004224571033,North,Autumn,-24.622986217885295
4904.664843141758,75.44521627896772,10.643138755079526,South,Winter,-1.7214056319048645
4586.542609576361,76.84358690799829,28.25177134856775,South,Spring,31.02535074934214
6542.650882469949,48.29440010032678,20.05717940168742,North,Spring,53.48045900441578
6715.842857808794,41.13414932922666,20.360098700176945,West,Summer,71.00672035363945
1407.7360879484006,43.393488668614246,10.857599725135948,North,Spring,25.153831043204104
4371.513531638241,98.88846073624521,17.809823736256153,North,Spring,-8.010669935406952
6632.739241428128,13.609827227123423,0.30393552083230135,North,Winter,38.12667161308931
5528.226327220789,88.03283465102037,19.082881392286268,South,Winter,5.876896901728185
8708.4085706949,62.080786771515406,27.3986084272871,West,Autumn,52.65738409128249
6928.242684570505,49.47538772706314,18.377204050344574,North,Summer,60.87675715823673
2466.409843732867,75.27318943736229,26.21095780399035,South,Winter,18.16651231797028
1635.1187266038687,53.80020472822326,21.719191663982816,East,Spring,49.83349874643571
6781.773503856841,88.60809142734945,3.6167524921107077,East,Autumn,-29.997895939571254
1238.6017948745964,91.06316776101326,27.07359921857525,North,Winter,14.51690485854074
6271.98023146117,47.95488341861099,1.9933153306732465,East,Summer,16.14896897551277
9462.072172824619,34.914501751154646,16.019024176432914,West,Summer,69.44234013397744
6179.26760088291,63.3115295734026,4.26411371380373,East,Autumn,3.1661416299535476
4493.529335858697,92.11270110550218,0.35119832192712197,East,Autumn,-27.467263599289605
6789.593965981178,28.95959701050999,12.661027803829171,West,Autumn,45.43339503566794
5124.27601442365,66.06699252071346,8.851221229624688,North,Autumn,9.180715490509508
5910.551103843414,66.84041980832686,14.580014813928091,North,Autumn,5.706168753505128
9473.183278988727,75.98017201737528,17.315996602036524,West,Spring,15.956016537684544
4474.923740206968,21.841091661453383,1.3121721692684207,West,Spring,52.08480989015418
9650.715074415228,74.42424682138797,3.690098853712369,West,Winter,-9.89015443824794
9148.155777604574,91.81292685990769,16.75927189351276,East,Summer,-5.517189829054707
2762.120213103668,26.171479798321776,10.295020595179746,West,Spring,55.42919155226157
1624.251707876489,31.378899243148986,21.87520462648344,South,Spring,66.90176406766093
1907.0020123968397,97.42555846374756,19.56874945775819,East,Spring,-15.539468771864474
1163.9964308639476,26.28792574385408,25.368130889697206,North,Winter,61.91308895922266
1849.9866468033556,86.89465840326213,20.77478480007676,North,Autumn,13.852135696996955
7147.0609607472115,54.30500708032313,12.897932321704443,North,Winter,33.375258612539035
1640.6978361420609,32.25079669628593,20.188998671832973,East,Summer,65.17581659827772
3870.7806726438516,88.36749111452603,8.261435227662556,South,Summer,-23.927412464198376
8603.87779872509,50.077472950239894,9.18940496334638,West,Summer,49.34745061517535
1209.4474216224328,56.333561853672116,23.6695547976238,West,Summer,66.24711340096594
8330.21634330042,42.33100324597891,13.392585492047465,North,Spring,50.79703092225036
3536.6929729605995,63.36557662914347,23.951410215550574,North,Spring,37.4131175332543
2063.4834485949063,24.717148532652047,24.672671210048353,East,Winter,61.1572245054795
7270.634488277356,45.197338298658465,25.726870129838513,South,Autumn,50.80744119569813
6660.4856210189555,97.24710901017588,27.49905707523622,West,Summer,21.206786415399304
8897.248121743476,33.23200894310148,12.929556615398887,East,Winter,47.02348768007717
7615.639394234972,69.1062998087163,9.566004549634165,West,Spring,14.44612066856882
8231.328373463637,39.267105780222536,17.465962397823414,North,Spring,53.360193704360555
3538.3111531417585,79.61258131179406,11.135172703128827,West,Autumn,3.3248420975192854
2596.9558940175057,21.778629464651484,18.03222500400699,South,Autumn,55.443234081331084
7755.532764767725,97.28389405706902,21.16757587931474,South,Autumn,5.056116750954438
8261.512653405376,50.841058724527535,20.652150554764106,North,Winter,49.33056421462318
9914.546278006059,31.244541701181756,11.236586610603641,South,Spring,41.02674889541745
4713.559092202839,16.614707259701138,5.005806050962585,South,Spring,43.1382024368051
4348.162772135049,25.27821145787867,12.915880153866226,East,Autumn,47.01999497867348
7987.716646677972,56.77965537004159,4.277824322457262,West,Summer,2.540224889035186
4067.2318622771604,40.33028587881577,26.70291105551425,North,Autumn,68.18755480268936
9376.815930432083,84.59950292943485,10.376323822135722,North,Winter,7.117214194807904
8725.714766587105,48.779877129562536,4.6337924166997135,North,Autumn,9.91290341041628
4860.946246375165,32.384284532886696,0.7634327971725263,North,Autumn,23.60370301006031
7757.839610123477,65.5430487943627,19.374671588594527,North,Winter,30.066826828124853
7790.885866762141,73.60994951969013,19.1070695236423,South,Autumn,18.638477786136384
1928.1148195233936,25.033771711085485,10.21812499743875,East,Spring,46.764952840736704
9122.9761601161,25.08572946594859,2.15135666542953,North,Summer,38.53109263143492
5547.271352030714,13.300428424018868,12.28886684685696,East,Autumn,61.18965930278393
8438.117194969675,76.27618135590765,9.336524851901807,East,Winter,-2.3590674737711974
3880.4464092755056,69.74240748596246,20.313619192050282,South,Summer,13.677512094695638
9059.709056465805,52.71677881748325,18.173377483580712,North,Winter,42.82312875166713
4502.815108607469,85.97534040722775,10.9378118459262,South,Summer,-4.756922782482091
1097.5388633226853,82.51031376550479,6.536776627649703,North,Summer,-21.877909282779036
9148.437787773373,62.6818927957077,29.641078984667757,South,Autumn,46.08420188596806
1821.580091075202,88.14441524619328,13.620048635883446,East,Spring,-3.7111478197733714
3873.8227383137337,28.52570890330914,20.64822707340711,North,Autumn,67.08860360305214
9550.557703457243,20.072765745795508,4.216589027350823,West,Winter,50.33381547472315
9555.464322438005,34.277465036529065,14.567690989781934,East,Winter,42.34077620888285
6160.940993109575,15.137817048038336,0.8261015960839646,West,Summer,64.99052449574376
6686.534909528194,57.80525752009288,15.163653537313499,East,Summer,33.89376440309831
5036.009697804878,94.29451230654654,28.920522213531072,South,Spring,17.597521382714874
3638.896945282581,13.540918660165868,11.526201389574007,North,Autumn,56.23207486449753
3957.9809083292434,20.989892260902412,1.1698803772473476,East,Winter,29.394102938744062
7052.666104693346,50.697912545509176,0.9286737275803059,South,Summer,4.011803162603801
7771.37076493912,94.04875157751144,11.639602798406084,North,Spring,-17.808547733242886
8124.211393532637,38.45404944790755,4.800748093895821,North,Winter,22.17140639281579
8106.563285150985,55.65113278195532,0.7005628898455774,East,Summer,-1.6220802142702346
1820.8549274382133,13.741557314535289,22.686408418505305,North,Winter,82.78685488919855
5449.782742323233,23.350888086587997,13.755690266456721,East,Spring,66.2669704985907
1518.0288401497985,98.79671106629623,8.677343159179635,North,Spring,-22.35437423677244
5945.75994091362,96.86068267924409,27.00249549049442,West,Winter,6.6965694190853275
4973.774512360393,10.444598284096866,3.4841688060157683,South,Autumn,42.00156389777811
8989.337644824698,95.6630606880915,28.677564868659577,West,Winter,13.645313825310595
4158.235112968709,67.52079440339503,9.419001521320585,East,Summer,2.19666630285248
2053.603147848453,88.112646506802,26.652110169260435,West,Autumn,13.666905427483217
2286.9251384755225,50.92658700704732,18.088286294383845,East,Summer,48.10831382764408
7853.5956854572505,56.40364257213252,24.801220792244624,North,Winter,43.18269675042856
6563.96256984635,53.99619222312282,29.520394896313928,North,Autumn,66.28095223974327
1910.104085105112,70.01778317914939,8.652163134562372,East,Summer,2.4389767853253597
1756.961255034977,22.568612928068163,28.834064562227788,West,Winter,94.43968436346847
7308.72218313208,12.697623088541015,11.68445684707261,North,Winter,53.312856672273156
1654.8670572777419,37.713694743207185,11.56535714210767,South,Autumn,35.12812276574812
8396.740533613207,73.4212686462982,10.211613127635172,North,Winter,9.79519419523831
7356.180044408466,28.166810691065354,16.242228220427556,South,Spring,51.126238443656746
1732.139025777098,70.60891899924256,4.624351295354613,West,Summer,-6.061982124515381
1763.5394267667273,97.29208414965434,16.611344560740335,South,Summer,-10.518879478413044
9879.75620651058,18.451064421047654,16.25114437230012,South,Winter,52.41139144581321
4368.437161805083,70.53419064026136,22.8570543781461,South,Winter,18.30864804694267
4335.779323602019,49.93751973741141,25.009498858127568,South,Spring,45.73953904067984
8315.196105317522,88.13280289397548,13.21324050937272,North,Autumn,6.789355361926943
9525.23719645473,25.94348105026473,9.069997480544812,South,Winter,37.24211894548827
9874.009574405838,72.33633570035481,7.780046919512834,North,Winter,6.1674075942459154
7780.4036673304745,85.43037606832992,5.838715101146158,South,Winter,-14.347468157072326
4386.336269778241,95.0152797526621,1.7294274659707465,East,Winter,-32.85548262564045
1751.5064502880189,71.49232254606812,10.2734393650414,West,Summer,8.205102418329176
7994.322243346931,54.74572876075846,8.107430763923498,South,Winter,9.15521324592802
6025.638247622245,65.60625161810924,28.99252157599222,East,Summer,50.9611970361682
4817.998083222787,88.20144860308464,16.731264787501317,South,Winter,0.17943559956139768
9157.189465852623,61.35487719749467,10.418311170915226,South,Autumn,15.548596071704818
2000.777340755362,12.734835372715317,17.41402802981088,South,Spring,65.87867844232291
5433.625938617733,93.78538259562801,4.175901040370865,East,Autumn,-25.21877010371004
1102.1828029067717,72.0574075928405,13.321312476066087,West,Winter,8.785611783635998
5217.945777947137,70.88620471995219,18.787029642631914,East,Winter,20.46319045644434
1506.7294811365362,29.410763715794545,14.666934953773541,West,Winter,44.64078396436794
2069.3612464126472,69.29969232093916,12.053364019629727,South,Autumn,4.419053394822056
2057.736220993944,45.44779650887426,29.815451666990946,North,Winter,63.54889847282792
6842.892719044572,68.61096793373429,26.40944286446781,South,Autumn,36.87447762621337
7714.40391338881,19.593372727719164,18.702178744783204,West,Summer,90.63264067153656
6250.318885874437,69.20607741427324,17.081320835468482,East,Spring,22.964282644299168
9659.552936270877,99.94723531935999,18.61981439473752,South,Spring,-11.64526185643931
4373.835215713337,14.339083497450043,6.039363234672997,East,Autumn,47.113337428120026
3571.4087765367467,97.94567657991855,11.854132297929558,East,Summer,-12.294884936172085
8817.392153705143,46.621716465058356,1.1837859867269795,East,Autumn,8.841405668180233
3012.3625466750736,88.36781053035332,14.2663811246048,South,Summer,-10.884357952307298
9669.002854965502,80.4146935652446,16.290737518729895,East,Winter,12.524746588035988
1109.3902722083471,61.0314634888001,6.832492083096287,East,Summer,-4.368206289092148
9728.90944036875,76.46042883261939,28.920865414965412,South,Summer,37.56697192537246
1388.439207555185,89.06640051712131,27.28363832811726,East,Summer,21.858673138034877
9020.28802328264,46.37262894859297,21.664297063677175,South,Spring,47.5243415672373
5749.309981776699,39.43298454069148,16.001598862960876,West,Summer,62.2243686648568
9936.683165073702,70.08340470072262,26.09907478943055,West,Winter,43.941462330995854
1664.1690826185898,82.70613477471328,3.919570314703887,West,Winter,-20.251290859203944
5984.688559611887,78.60566212989542,23.71529382824655,East,Winter,20.914964854149265
9723.722820571891,81.80322839727711,3.744624419005449,North,Summer,-19.705900443403863
5707.880597531339,49.20249833316397,23.826319876482163,North,Autumn,55.448244317739714
6664.587743217363,83.60507945575195,8.273027047540708,East,Autumn,-9.911790916156756
7261.738200861554,20.81881498335476,26.312717430545668,North,Winter,80.39449979283981
5090.86958290996,59.00401881647646,28.321262814761933,South,Spring,45.22024464333073
6648.022720756571,10.518279444830942,4.463879082153469,North,Autumn,53.60321000265152
6258.828807307902,39.21272469102433,13.880268151961806,East,Summer,43.84253660319184
9110.4220944189,42.98153813842581,29.42962134488055,East,Autumn,67.33177973615072
1409.0174230731209,45.655542244832986,14.502223079194398,South,Winter,22.10610025330899
3528.668706330073,72.5920486020876,25.906425675436353,West,Spring,32.615087045166256
9553.703356689028,44.97022911433112,17.661945663939594,East,Autumn,46.08060417856263
9012.374055018247,50.38242603602776,11.259897237588056,South,Autumn,26.092887512498475
5100.9107750714165,31.378971778689472,8.573506665776106,North,Winter,39.409322482355776
6581.193380213831,43.59266124664061,6.096692732582618,North,Spring,25.328918725949265
3496.4306468301943,30.454266453683633,22.853945741330918,South,Spring,63.71128791899296
2693.0904375138516,16.587633139159927,11.596215204690836,South,Winter,44.67735040975482
5173.285644459839,64.31037340432401,15.338263866022535,East,Summer,26.139639912472763
4180.170052234475,70.13915186995146,14.769764400035458,North,Autumn,9.357755782659789
6252.905006657848,65.7541311408653,17.31837087699394,South,Summer,25.62350970082501
1699.6117326848635,51.71446394205151,25.967314368736567,North,Autumn,53.203073228296006
9769.553268995498,44.18072021613068,29.42218030750288,South,Autumn,60.31995966195234
9875.896700316425,87.70002846146427,12.227526257214508,North,Summer,-16.699775721674847
7283.455426177707,56.71736066225962,24.82556766318909,West,Winter,48.978891081757126
5824.867297097084,53.126368986675786,22.93583383964153,East,Winter,47.70625694935245
3785.7485465769496,12.307785922579212,17.205868543667197,North,Autumn,73.34860833387175
8324.155177362538,40.71230448635407,28.681414308357994,West,Winter,68.48092206570993
7162.580552984913,44.21760569072713,6.014235465852083,North,Autumn,26.571786706593752
2463.5524541040218,45.894050280721046,3.2779263092886426,North,Winter,12.924776342977948
9198.344660444582,62.215513230459905,25.618859008662664,West,Autumn,58.518963296343436
8402.83518630852,58.02422920541906,13.174494499012448,North,Winter,17.985663695445528
9548.199219627317,64.71145835141002,25.409065626211813,North,Spring,54.24295072186749
7531.475575495239,78.83949353879154,26.792706155862447,East,Summer,38.7524551201545
6520.736763422109,83.16871648444841,1.8737278085721432,West,Spring,-28.333508146301696
4764.18732661557,74.6310768603845,26.503942889581822,West,Summer,45.98145134220419
9394.55635018612,95.99713263594413,13.449571661082665,South,Summer,-4.5105841000448805
8794.575005503675,11.640932440872547,15.312974670126966,North,Autumn,81.31975711697704
1406.9680309557048,27.620018711519148,18.797775332796306,East,Summer,61.23414376712658
1237.302770475268,10.68065874803279,27.791478201902603,North,Spring,110.26443049602761
4388.170301902446,68.27272427391426,0.5734828328929209,North,Spring,-14.367134464527428
8294.979977036495,90.82274940549883,14.305304049534513,South,Winter,-2.5580094043073225
9885.4851638345,31.913406691866935,20.63166127291682,North,Spring,76.56152457009064
2353.7520199317537,93.4331090316676,21.681208730946853,East,Winter,1.2254764049332498
6347.176438169216,15.424065126060476,20.77597294611324,East,Summer,97.2769541588576
4428.017709679194,94.09924241249628,4.033053882243656,South,Spring,-28.821336063818247
9729.229580331428,41.6460418515671,8.981867651150438,North,Summer,36.84352279087073
8579.070308221379,19.127874560429486,10.761465762510404,East,Spring,59.00647799296406
8544.958342400241,53.72845832676931,24.13311623038515,North,Spring,59.37382666649898
5218.238438154733,33.109891094845715,8.36279617243659,North,Winter,39.58241197650736
4733.375521038986,35.638561176573056,6.321148916016095,North,Summer,42.050628577503176
3460.663647376356,37.65609684336579,28.723440571142884,South,Spring,62.09889439730501
1507.379469858344,82.27233080493971,0.265898553404067,North,Autumn,-17.629132598429994
8782.50138629548,58.52451490077291,29.934625670459347,East,Summer,67.5962258194643
8316.109082170698,38.01769292404033,20.304638965721868,North,Summer,81.41442381327872
9997.459059575176,64.93004049798265,24.854078983473514,East,Summer,48.418704796718764
9969.731533665148,74.45356068008742,8.838581890385795,North,Winter,5.1569151549313785
5998.885350423647,34.53616006601804,0.42945833001179934,East,Autumn,23.867086020319107
7920.886736624595,47.21941913728163,22.136085556845902,East,Summer,67.17107349898666
9502.891568941852,20.96974840032528,25.02433791002027,North,Spring,103.25552656710308
8646.826516096702,26.303441458121227,22.214283958605574,North,Spring,89.24623177310667
3226.132915688779,71.30060685684845,4.285508619025158,East,Winter,-8.863112287263915
5054.897217790842,26.329451292606425,22.60283766770907,West,Spring,85.2868692609867
2162.434736363455,57.26470453003542,23.06768346322923,South,Summer,42.269173337563416
9586.459245328502,73.81416355501895,19.756215470101647,West,Spring,35.94044039066183
6455.57171005792,19.618923078526947,22.983477983867587,West,Summer,107.8308014459057
3057.7852495311645,61.058099766601316,25.377643190331966,North,Spring,52.88891486138229
7045.30615965271,33.09065053312274,18.40812342712375,South,Autumn,55.10752882864879
6563.154164121062,96.66341877138218,2.658141419090372,West,Winter,-37.790962909869585
4223.464462295564,53.51910820479323,14.628834290016325,North,Winter,22.684130760327157
2022.0183297966612,82.53932947976423,2.3294800401481517,West,Autumn,-28.68504447333379
7044.158760335196,59.52038879406356,12.226290930972926,West,Autumn,25.395568382696553
5682.7693081341395,13.907127956933724,12.213194673768829,North,Winter,55.949692154314484
7950.865525620754,66.98362380346201,1.9802953242072474,North,Autumn,1.6719573072598723
5681.47151000794,95.62630079859913,10.46461601908438,North,Summer,-20.44326816082452
8669.633502866862,64.1450638131698,3.329942963739445,South,Spring,1.243521772541686
5967.16154897037,83.72699734841112,24.247056300276665,West,Winter,13.012540014499146
6048.441743818476,89.5785817013567,28.430640778934123,North,Autumn,16.58454189301057
8889.882423925104,30.527179475403923,2.169494257738158,East,Summer,37.51741148694719
4631.345795911573,29.0840355917404,28.653456218751042,West,Winter,69.30359473046312
2206.1370560557666,64.98828899658926,15.677297980102354,East,Autumn,21.272067961102415
1259.0440868200508,46.99256228260342,8.986970338616217,South,Winter,15.443750346902972
7796.235301062571,85.58751725800484,2.3058622582849053,North,Autumn,-6.894451666474798
6582.785962181182,91.002081105821,15.018728042112535,East,Winter,5.726193754932641
7336.717912893012,41.807924137244626,23.83546633472246,South,Summer,61.66955628786717
2916.677453580197,31.318350307703387,21.212594318000946,North,Summer,76.8251152307588
2227.343280280928,80.24729637194757,1.506780343919213,East,Spring,-20.02848483381807
1130.9019910109373,34.73254319933225,2.187055061037105,East,Winter,23.430665570674474
4155.288029259373,84.03528866623105,12.086198478979114,South,Spring,-12.507974069574182
6309.259181691697,48.13644282838865,8.858714821438298,North,Winter,14.923364429077461
4530.196405897591,70.07949093623233,6.971529691681435,North,Autumn,-4.669245082996341
4937.274298213561,18.59817824512014,8.430134967261408,East,Autumn,50.501748513137
9137.428250443736,66.14733922089158,24.10448229890654,East,Spring,43.68342157990322
4134.299203209703,50.65909108635062,27.876841608955615,East,Winter,51.66219888775166
5625.905402438297,62.79476168579267,12.153080835826993,North,Spring,12.252699521120375
8052.8771146702875,25.12127869703771,27.18333006397491,South,Summer,74.96036383843064
4568.885040891431,76.31863704497638,9.64487103743646,South,Spring,1.6470549425688226
6598.780302050862,87.65173697889057,14.293109590313748,North,Spring,-7.268490747142223
8761.273378720707,29.506582008169808,6.780869934479991,West,Autumn,35.34191127097311
9545.685612918778,18.614309996814555,19.214281265275318,South,Spring,72.07673118880659
2323.6613283613415,12.127472744170277,29.369433455244266,East,Winter,82.3207471486184
9339.28862645345,67.77743503989393,18.10479288130136,West,Autumn,29.334045983640326
5429.046637715844,64.63846324799027,10.734422523406465,West,Spring,11.964223806751264
3324.199494690625,59.2027671442663,19.434523379715852,South,Summer,31.87173126963523
5132.221806144352,30.875238650437787,3.687620353961627,West,Spring,35.73517206195108
9820.293177569294,45.18153963149632,26.65977240796196,West,Spring,73.46167536275527
5433.562845935827,63.50287016675557,15.092518523395091,South,Spring,16.688093706916455
3958.764492587574,54.709017297325246,13.480492261189262,South,Autumn,23.34187630659504
6700.607688850532,98.90069681933986,17.575943653605577,West,Winter,-5.222216751739843
3161.310569003738,22.27957773010598,18.743515883682072,East,Summer,76.12996999970561
1682.7699529779752,72.56300986428344,2.153274186795391,North,Spring,-23.704377341679745
2159.9174971958428,46.38868912938629,20.47851663670207,West,Winter,43.98791599731395
2152.412550619952,48.53796534330533,7.257950409465888,West,Winter,6.9552218822708385
2367.124241610649,74.58379890923587,21.418578975197693,East,Autumn,19.361579941977407
2249.444553844691,72.31925361919326,24.676043831525902,West,Summer,48.083068620537816
6767.872703228932,99.21303943319695,24.118755226575608,West,Autumn,-1.7045822919895215
2636.9207595923035,21.55548605087127,16.575029022236674,North,Winter,53.94563186021293
4111.005549914769,19.36986844457497,15.605096769322536,North,Winter,59.48524079303127
9071.095689154106,75.1904935415867,4.2862788401823515,North,Winter,-1.1287117599388197
5265.654762365851,62.05482253057682,23.260384512094067,South,Autumn,30.3672873213259
7008.019646689245,34.67445999038253,8.142281413401431,South,Summer,34.80530212841229
2550.8788408146684,17.147743209008794,14.900862684538396,North,Spring,60.89626981768247
2730.6011692780367,17.70924246367875,8.528222787825502,North,Autumn,52.06904497851292
1367.8175463983098,90.47717871977065,4.014850889990794,South,Winter,-15.025881018723865
2520.415567649481,27.268059224686862,18.886730906752096,East,Autumn,57.97134941966117
3507.313051287628,39.10344059039687,1.629961044687115,West,Winter,16.850303668172565
2593.0943584907213,30.399076200428922,22.459357023785998,West,Spring,82.46777251136245
1798.3228038135005,41.94966752487436,9.5276038578335,North,Spring,31.73324327234945
2085.7228399054075,16.248145847148404,0.004040790134559602,East,Summer,34.95864538289802
5147.008912294532,56.715381181744334,15.333874177116893,South,Winter,23.915358477484208
2857.0034656521325,16.085130723299343,1.4055572558280938,North,Summer,49.261271792176984
4278.428749432679,82.03208570401254,8.285086734626985,East,Summer,-12.204958948223373
5530.755437693712,31.034087371938973,21.209294623671486,East,Spring,62.03842717670646
7213.553457664288,58.601072314405954,1.880688648655976,East,Autumn,8.002258290219673
1353.8092585698905,89.20711788053124,25.18015477068007,South,Autumn,12.822716863312111
8194.693590181385,68.57896321424747,0.11459767975749324,South,Summer,-12.79048166687373
6651.10350541817,57.966200789620174,7.404716076057067,West,Spring,22.204150963586176
1735.8312875398472,39.190037780383804,22.227121684562142,West,Winter,52.33169537698012
8862.207616960995,39.97017217523781,9.488104491879204,East,Autumn,30.56240426663377
9287.85160478632,70.25382596783712,3.056771641980406,East,Summer,-9.516041333140564
1549.7016386937737,99.47254250990508,10.807017564012837,South,Autumn,-28.482960291987133
3491.8988333248335,69.56552708644408,8.111798591535766,West,Autumn,2.7082952986067808
8255.811518137552,60.20050756330224,25.281357064816646,East,Winter,31.569834954221484
7734.337213452925,75.75854592153215,9.400437527554294,West,Spring,-6.438663371159336
2660.689174207396,51.86850510553463,23.667974153280216,West,Winter,36.24018463664691
2884.143910030393,15.412810834070669,26.75616434432204,East,Spring,90.55331330064935
4334.248925122438,60.60671342901188,13.014522587295886,South,Autumn,15.394032479167805
5360.706866719192,96.18627560548421,27.29829431563176,East,Summer,13.351292709223351
6564.292943772663,25.777264812189365,11.319541618895785,East,Winter,38.57057831681759
4320.222756127952,72.10044017385991,28.922352494703244,West,Spring,41.0439825653896
5162.812445198331,28.084031979315082,2.678685735767188,East,Autumn,31.282201129635446
7727.238443203809,58.22449160257732,20.610577995097284,South,Spring,34.174028855050764
1330.148826015381,18.700880468204765,14.81442121370786,East,Spring,63.83990239290706
3271.932499096187,50.53338426323666,11.629464163669411,South,Spring,19.41410981931951
7420.146272960972,78.05469960057215,18.981356362458026,South,Autumn,14.769113220039834
9056.861539184794,41.28143718150839,21.115712749029935,West,Summer,87.81067685585792
5605.096979040995,69.84205520384963,0.13089808950927262,North,Summer,-13.363642983029667
5789.021367387841,81.59049647107562,5.008592662415961,North,Summer,-21.594094232625306
1964.5481020579846,93.44600375315073,21.39138151902956,West,Spring,3.1047626864952096
5026.711301411092,31.117787366990818,19.991562407346194,East,Autumn,56.419850588815436
5793.555398095208,45.938432422837735,28.981425153860314,West,Spring,81.42884904774208
3182.2345327125668,23.71744119973757,22.83113370752349,South,Summer,72.76401543240668
3423.189078544429,99.32351519425377,28.523181231940143,North,Summer,12.49247598568023
4395.557467941604,93.43008711318657,21.076215046044208,West,Autumn,4.512636589191464
1180.6407799995372,58.59614172525036,8.941566259183295,East,Spring,5.500838075206012
3898.7124902486044,85.78299649387792,3.1609476675256944,West,Winter,-29.416111491386705
2903.0320629689018,56.8862179544838,23.454715900348067,North,Winter,31.66550916322217
3947.476169601232,66.12271192024838,19.32447664427748,West,Summer,24.38351786031382
2077.859186373261,18.021198890441497,1.4455803717988869,West,Autumn,33.330320184701314
9014.745526659055,77.97433784471271,10.80151397702935,North,Spring,3.7848229870282637
6342.3320819864375,21.494213527171134,28.703994464528584,South,Spring,79.01295291577175
7111.920872300407,84.34608672272755,15.012034371306036,South,Summer,5.304395461207008
8102.541147466045,80.38252789033473,12.981874080591139,North,Summer,4.66736949611245
5485.979790361515,73.78702279686789,13.730988154778819,West,Spring,-0.8179053169668037
1782.2825927868132,13.254434247228591,6.2664817201549115,North,Spring,59.76925867767415
5833.95887636693,37.28155203507957,11.061215125943857,South,Summer,44.28154201792229
6281.570062187912,33.680131291975854,11.094397679615298,East,Spring,39.82092075526839
7708.95526765897,42.41227667243672,1.570650605624172,West,Winter,19.717380020107736
4884.935916067115,17.88784720874547,23.027028855537548,South,Summer,77.98096867903726
2148.222725160074,94.32620407279565,12.49513295711637,West,Spring,-20.039236259593384
3553.9831521885203,59.842201664113865,24.6653966044927,North,Summer,44.43130002136513
4267.7406675877155,37.49718795922212,25.51044003359686,East,Autumn,52.94331046159779
6813.255171984411,45.72833653668551,6.359821640959742,North,Summer,26.487475922675788
6137.004742020207,50.24822864543521,19.720604465103857,East,Summer,49.18247432496039
4204.870533080616,64.05349000245556,14.16845412488945,West,Autumn,17.819881537317414
9878.637239136817,56.4111484926848,26.404702137644552,West,Winter,48.34247062140319
6451.973374211984,92.74527758929756,6.472220375293624,North,Spring,-27.88319465266941
3135.0411256239504,54.726713461524724,20.334396009301326,East,Autumn,36.381234101044996
1916.0422535836337,99.29422133409814,18.232563667581676,East,Summer,-12.251268585560224
2375.7322526589883,86.62824619705862,8.859044327154983,West,Spring,-18.74630416451231
3213.6195554605733,28.765946292160223,4.098027109535178,North,Autumn,29.00021996529855
2446.132359336001,93.75356931795247,19.549192814318296,East,Spring,3.6495382436009267
2679.103216461752,20.472975809692848,22.15792374396992,West,Spring,84.76932985432181
3565.856518244624,83.57047376420724,9.4688203129005,South,Autumn,-6.989631859129698
2560.3623576527934,44.256096412892205,19.344978120669413,North,Spring,58.194045415989144
9070.888821637825,89.01768884005625,11.853927228345098,South,Winter,-2.760771670548302
1722.10371095478,88.12510210967054,21.39620649847853,North,Autumn,5.323025528287981
5720.602506132292,82.5332860105859,5.976458246821593,West,Winter,-16.801202154360304
4693.571442906954,81.10273926763553,26.70645007908523,East,Summer,35.402587647540486
9841.407552177458,37.42112251882367,8.622287893967393,East,Spring,32.54998619498021
2008.350119512471,17.282735474612696,11.033579632684587,East,Summer,57.13636786920781
4580.700391411675,46.268216088864534,1.7427585624104935,North,Summer,11.870357245890522
9725.23389947832,25.61720634878578,3.345366369638292,West,Spring,56.384434893034935
8789.564133045822,72.54559800122155,15.475857081369844,South,Autumn,15.466559964562437
8353.64863854352,41.1489753884007,8.027780301839144,West,Spring,34.104006073523855
3321.1254434044586,97.80491807739234,25.06440677226583,South,Summer,4.0525475597830605
2537.9882865105924,67.68748696107988,0.4408016596486153,North,Summer,-20.980808401661776
7017.788979319879,84.02325072709249,11.372821460158086,North,Autumn,-7.7306761507378745
9364.383902148273,21.927220546766357,10.12036640307278,South,Spring,56.31510955888023
6010.866037125368,87.58130340453603,0.5798289275280311,South,Summer,-36.89680020708541
6144.5142052290985,93.0481471462055,3.7310519700153066,South,Winter,-15.406289800037218
3519.8118429425576,53.83557269370423,12.409280247559058,West,Summer,37.810011485769024
7925.436398727432,64.56276439758797,14.785937533423398,South,Summer,28.104966866794705
2683.39373701771,78.83288208126959,12.128692417646073,North,Autumn,-4.164733058395163
3913.113127638193,25.73547645343713,15.928130352362814,North,Winter,52.170090529507426
4828.927947547751,55.23094688170982,17.853950247170445,East,Summer,30.954134736310788
5568.493408160095,45.87967249950818,0.2977146338350689,South,Summer,7.584328759578156
3181.687591735722,23.17365929460242,13.922854783605116,West,Winter,57.90913161845691
2033.531422652832,43.07809800623783,28.90497722662765,West,Spring,87.89484381429274
6495.580381974693,16.135507844694423,15.57096840388646,West,Spring,79.1594703132491
3597.674979162302,12.323071625453828,20.326268023768595,East,Summer,88.10957068795126
6231.143992803511,22.16496602393405,9.355915737506496,North,Summer,62.94603114469102
2389.2644374678207,96.68036004302564,23.219741344582875,West,Spring,-5.796670712825397
5330.260916693357,59.45765823055153,23.187644456283454,North,Autumn,44.75259142942573
5793.304892964273,96.9239945037898,15.638881429624169,East,Winter,-10.77830272823219
1466.4118314018422,48.924809049711875,29.280414698376408,South,Winter,43.29034590424152
4029.4385037452853,38.06345197767336,3.766506442879601,South,Autumn,17.20379456734011
2209.7320924507685,55.55276765562197,0.5084299466874298,South,Autumn,-5.081023240699718
1570.3747342549098,49.55605197696191,23.10474635271288,West,Autumn,52.043677778141266
9909.642091509508,19.509821583556953,24.214666120946475,South,Autumn,71.07839493417437
3901.1846047725066,67.67436832211857,3.6062168736172873,West,Autumn,-9.093642532025198
8288.870012691714,29.443436425863965,7.967484988758182,East,Autumn,37.02428591034816
3291.7658928738747,65.76291594080466,0.5265709009988673,East,Winter,-7.8563079136146206
7133.524500015364,68.51809831583381,8.799258323416941,West,Autumn,15.64059150735501
7842.050739007179,23.68223678157833,23.194256217560145,North,Spring,89.37253881241926
6360.748665470598,15.521466439960134,15.538815831377368,South,Autumn,62.28697901988488
5244.185696951426,80.26854274615958,10.442867795048642,South,Autumn,-8.98268217875133
4706.568227325417,51.382038139238816,11.152178847189909,South,Winter,19.020740384833392
4139.814398886958,15.234741595492821,0.040608771464044624,West,Winter,32.15947080140821
9365.762298230433,99.53796854527904,8.994015826957076,East,Autumn,-26.611919307714565
8475.574670089562,15.200250489672998,19.393762249137914,South,Winter,56.423513981806
9685.242195998613,72.55317059726978,29.225833314490714,East,Summer,56.69755838975594
2118.6750113699027,98.53110327370723,25.411824809516986,South,Winter,6.5961363600323075
7577.807276832798,31.526209379433304,0.7078489393658738,South,Winter,20.651269958210335
9445.06411138934,22.802443181847657,26.95681814024518,West,Winter,79.57704423415909
2631.0975954909413,20.9246445480186,23.495952398958778,North,Winter,68.3909200378362
1598.4664063009975,37.294763281083604,23.411283707129414,West,Spring,75.16172470078187
7670.085843610532,19.0941229909582,13.739872770107144,South,Spring,60.240050586683644
6170.258018619207,72.29452075247187,11.940158788635085,South,Spring,-1.316621766587598
8576.458990824449,15.606261831705641,9.087471864995779,North,Autumn,56.1266161325209
2257.951389636605,55.84799153348107,1.9708457686309733,East,Autumn,0.028136315406507434
8157.4058067390115,99.70271684676791,6.847060904810974,East,Summer,-27.686708151103105
2814.645880429701,83.25732425554169,7.398109049340738,South,Spring,-23.96438944373722
2472.9034857913402,65.36974944079098,14.522312091306048,East,Autumn,13.803442515191847
2478.3921813789366,37.56282587079505,22.42333219790082,South,Winter,43.54378168016181
8331.172482082438,66.15062526624746,14.214294851938398,North,Winter,21.874333238817698
6986.774986265801,57.433731752048644,1.7353334834148182,North,Spring,7.136797934457375
5707.588822922074,48.347504550133436,28.733694029646117,South,Summer,67.06292563686367
4229.474357111522,21.76393390661795,28.281729572823366,North,Summer,102.88544944578307
8894.804867317975,89.79437937164201,23.55568629445225,West,Winter,6.404915903005371
4532.005966803718,50.48061839391902,29.739837046926617,West,Summer,81.26685320348882
8349.394955244194,27.516026063868857,16.33446998400789,North,Spring,75.36151478397731
4952.214177131966,43.09834157895607,28.88305050759618,South,Winter,55.142817300713105
4392.499864824168,47.27167772760343,2.268151218502523,South,Autumn,12.319994769428915
5164.118071026458,84.47841060101868,10.97042244784114,North,Autumn,-5.17447608509826
3712.4008674772786,76.02529425052619,6.761438040202975,East,Summer,-7.581000966784445
7728.48442158626,79.23744042772059,5.874992524028101,West,Winter,-12.037982104206748
5524.483510832312,10.992813798578249,4.224088466780282,East,Winter,41.86363614243723
3089.914256321356,47.45385983617854,18.6724092469799,South,Autumn,41.57423864001976
9096.171159471116,53.32097364717912,23.439655672419153,South,Winter,34.51803755628306
4455.020992358903,11.727304914075102,17.34895198261082,East,Winter,68.39961119764375
5891.9757500258975,33.38318878705308,4.40888128764629,North,Winter,26.150439713908497
9158.248998680923,78.42608408099215,24.33371309800413,East,Summer,39.629426825089666
6618.1419632259285,22.339873515609916,19.078641214911855,East,Winter,52.32118066396163
2052.0823663752767,58.17791183073325,11.644971183809865,West,Spring,24.112360690902005
9458.489112521276,29.368168481551375,20.22390886608189,West,Summer,88.24765974208213
6649.372477642761,11.090869717950394,7.797149377284986,East,Winter,43.261172443713114
4014.150531913775,31.708131183958734,10.355766254826316,East,Winter,35.28817765572992
2253.4486539704853,97.82863794190484,27.524575293959707,South,Spring,13.069188218668412
8146.226703432664,82.13834006946907,8.715135170142611,West,Summer,-14.238246288708636
6580.654803356621,96.361897988893,14.099648044738098,West,Autumn,-20.60318905022037
5801.149827786894,53.90686395337262,26.70423412188044,South,Autumn,44.423259540165304
9045.033247458618,19.876257880975317,21.231640508025823,North,Summer,98.24580448376535
8097.374901020777,59.31635400763236,1.8660967849410826,West,Winter,5.044620097001349
2365.0739175947606,50.89396011039648,4.4190913283691104,West,Winter,14.454978547928588
3805.4986101599343,85.99213744656544,0.23524772315750453,North,Autumn,-31.69308710348843
3236.4022583301917,18.827432270582015,18.927653706874903,West,Autumn,88.06513749350684
7695.516633154093,53.94170233196004,13.43020276231255,West,Autumn,34.27422503237526
1301.7919126220145,23.50437982245858,4.028245527068266,North,Spring,37.53394767569201
6129.0071638418485,39.22083342010539,28.738023631703115,North,Autumn,65.66312036951227
7862.128171666215,76.36213696490196,15.889791718368597,East,Spring,11.966277041920605
8890.890730855746,52.84163164318899,7.256798823386675,South,Summer,18.692112787310585
4078.735738443167,43.82994566311924,15.018107134641227,South,Winter,32.46230039472989
8391.315742048115,45.50286507130318,20.388609982053232,North,Autumn,55.41830786763382
1995.6856325968652,51.350209156538796,2.2871765392069343,North,Winter,-0.59577412724821
8618.070625610664,80.65148894533512,8.24111445143676,West,Winter,-4.502320785403918
2147.3979609878415,90.2876220046211,24.20896472651981,East,Autumn,12.271825141246463
4575.585615043306,95.98012178535355,13.789946112079837,East,Autumn,-5.566038434290259
8175.658292015983,80.82130476297655,16.397314260968848,North,Summer,17.649667284537383
2349.2568461389637,38.38662061732114,12.984480066284078,West,Spring,52.482995559532036
3063.2625570937735,71.93212354778879,1.3169982792901536,West,Spring,-19.12132135084667
7500.273115537597,49.384281164985275,4.972493394604678,South,Winter,14.401827912152829
7480.328828914669,32.92035598414461,13.366249162256727,South,Autumn,46.60739649497959
6770.328695967676,85.67844214833303,6.275563962237834,West,Summer,-30.387551720180074
7245.536000203901,13.458371406609249,1.499370859790362,South,Summer,44.5883225803197
5884.519990128366,91.15857929218812,25.30948992155471,North,Summer,13.893312924694843
3266.191530162575,51.53297181622607,29.435775874923475,West,Summer,82.50070891578657
4111.263941535275,67.34813291274523,23.794286219902183,South,Summer,40.09778620337987
2634.379451212831,69.34185299852044,25.61354765114001,East,Spring,31.534750321367042
9176.055052002655,90.56059666358827,7.259313909511361,West,Spring,-34.5809227558921
6250.526152895084,67.30027139504867,28.81880926539599,West,Spring,53.43212347621925
4607.662750872759,65.25402262840555,5.907771133602852,East,Autumn,5.16289594478395
5158.052232797194,15.998683650462096,28.54289431085497,North,Winter,87.06130991253912
9525.550056506338,56.656721975068365,29.84457881897853,East,Summer,71.1688086542927
2380.1626280447217,23.51521007353375,21.35168417238146,West,Autumn,75.7818227410936
6276.068488151175,76.3690391849337,29.43431195375466,North,Summer,39.18040443084972
5552.998109960194,56.0999728731407,17.08619338701311,South,Spring,32.58169525707125
6503.088118911831,71.2205001287518,7.78625349528271,South,Autumn,-2.6862143962526117
1162.9916543875645,13.750561054214584,13.109876569968627,South,Spring,67.09740066631127
8849.115180497363,17.63128144412229,17.80682806136358,West,Summer,105.18291418915474
9389.064542352511,74.4691049256414,2.19244686081045,East,Summer,-14.958226991881524
6086.198652302881,16.487590239880603,18.670297938517383,North,Winter,65.01640468621225
7269.857414892031,16.413105498873275,29.435335102868837,South,Summer,98.27007407780161
9302.494430595661,11.08976277113987,5.703229493511829,North,Spring,64.26384914000776
7365.1477088205875,96.0851258469532,23.7778534886515,West,Summer,19.0342649862026
2372.851386228352,76.37575235131062,27.23696381338858,South,Winter,22.61023740749889
6186.595241501319,41.79262676518577,28.311047784606625,West,Winter,64.66358913694671
6460.435417445703,36.68820231588897,28.804068132163415,East,Spring,86.83257279166247
4817.176041721474,41.47329067712646,15.643789161644158,West,Autumn,48.4682457731232
7627.998120622506,79.71881780630636,29.31923723974511,West,Summer,53.31724618921913
9409.303132921134,69.5233549963373,22.719306214033168,East,Winter,25.826742421941095
9330.116616160987,26.667601108072112,4.850143087108857,North,Summer,53.455839583445346
5057.55434263719,25.66984018006759,14.3070031940391,East,Summer,65.51299755700015
2019.1424125667972,18.85560847420576,21.54993526116012,East,Autumn,60.13364220018046
9863.570790661011,69.42724477312044,7.4202094745725,West,Winter,14.738995698229227
8550.082778013406,78.79353959995623,19.218455506466622,North,Summer,29.82247855967982
2121.9641308294017,33.85417854925036,19.998014371398575,South,Winter,40.5200431754253
9287.57694355635,11.885046492782154,4.880992314256977,East,Spring,51.65316637700887
8829.067258559155,17.39545007287846,16.952559373582687,North,Spring,84.78419840205022
5669.542514134649,97.10740313605274,23.14880732935823,East,Summer,5.82256678725739
6321.4789217043635,36.59002997296783,14.966869936078258,East,Winter,41.15482685096736
4591.024334831172,79.23008330543203,0.36309350328322276,East,Summer,-25.250483481370367
1492.854749398282,66.21972119688374,0.2711540723787653,East,Winter,-9.322682684958638
4016.775174813108,44.37456756876063,10.710880319100365,West,Winter,36.768476871563756
8225.681037382103,28.51185359759996,27.78582205295346,North,Autumn,87.24472769561896
1041.6882070414258,20.92477763434658,6.860303388108263,North,Autumn,38.203347455818054
4001.4925452202974,65.35116712349799,19.030910666150614,North,Autumn,33.189711407409945
4583.51824231849,79.71704025740092,6.662276120799618,East,Summer,-3.9664866516459374
5836.560426441306,67.95138281870176,9.650099689786458,West,Autumn,24.781313512662717
9278.700547714845,57.727191992424245,25.441262688044517,East,Autumn,42.13490738866348
4117.113949293651,13.775610108847264,21.865843268098406,East,Spring,85.28760044239458
4122.578817066049,97.16398998349455,2.861978319396319,North,Winter,-42.00059427835111
7637.511232987736,81.88427724891172,12.861060629593009,East,Winter,3.392880820126466
5069.961468008265,36.35398330308683,0.875092909357934,South,Autumn,14.35738161917079
3021.4434064598377,98.19732964229655,14.42670439809027,East,Winter,-5.364198772425128
5071.955645194241,64.16934306726898,19.873020351032043,South,Spring,24.09802058690679
2267.7131834181987,62.418039238652185,3.5550787079445465,East,Spring,-11.4860838291812
2587.48287855601,77.3265861486579,8.66654816727497,West,Autumn,-10.543311690189709
5485.309954655318,83.05928092811239,11.935098765064708,West,Spring,-16.297454759296006
4770.3290455409315,69.08307465983523,27.585930739681494,North,Winter,39.260859561092616
9233.613109612901,21.528617172958,29.79765046268892,East,Summer,95.67236979382628
4261.545092049698,40.44407553950485,1.3473389698684757,South,Winter,11.991193486702267
6225.295152502391,93.52752762934448,22.830237704861762,South,Summer,-2.0105080047355512
6690.378591275773,30.215405065946673,11.151721992070296,East,Autumn,42.459235638107835
1117.8501092950028,43.4950321453762,11.7737455868844,South,Summer,38.99332791754317
6971.836348150396,48.88691946497764,22.62794920041068,West,Spring,66.17286568940771
2602.3237018277628,49.5464490725007,27.552792964362258,South,Winter,38.76767462392338
9649.632857225097,65.1645624245073,28.527857835076453,North,Summer,62.175570076392106
2337.9645497780166,94.87682539702368,17.313677581149623,West,Winter,-7.50856447173522
4731.617113543214,31.662344064925446,10.713634779015084,West,Autumn,50.60846988273416
1768.1470127077946,20.935123867082623,23.626472575763376,West,Autumn,76.95181059920762
9971.868266613526,27.77234408739436,7.530041497869008,East,Spring,50.22244354419384
5519.755092981183,89.82324101883425,16.92222086500553,East,Autumn,-12.582902118470292
6358.465155880394,68.12297313896855,10.757353845746195,West,Summer,8.713025569492446
1603.6882964958472,35.73161103152441,19.698932211236283,East,Autumn,47.54571522766765
7749.6442335926,83.43522450717555,7.211967386805207,South,Spring,-7.2855102326547065
2889.150337860272,87.52329967270924,5.7477883720447736,East,Winter,-18.420334661900064
9082.488604966424,86.18629048212502,27.547172600263114,East,Winter,16.77018244326896
2846.2567643380644,92.7033880275599,3.0541104884861072,West,Autumn,-41.767785988561464
2716.189485972999,32.701691815602544,15.17873723204795,North,Summer,62.15210034046612
1328.947010632854,77.95377358716505,6.625583488890268,North,Spring,-15.145895938881885
5248.602505989993,51.4485547546726,1.1678988997700235,North,Summer,3.920672253241237
6083.5701993635475,85.77986976010554,1.0805645487427917,South,Spring,-26.945405469734673
1591.3777548551711,75.5641609445452,5.25665316317482,East,Autumn,-8.980773189789545
7979.748550255095,79.88027018497522,26.003110635180008,North,Spring,30.268960448423204
5079.5995127322485,69.05456539129644,8.4743623193108,West,Spring,3.039963047894453
5719.51242394822,25.968589252273617,28.51377511725887,North,Autumn,96.65187478312913
4966.864722444054,59.05242270072445,17.448668789675807,North,Summer,28.668973364148442
4606.867547877933,98.62027655720574,13.098425693062982,East,Autumn,-24.368194152967625
6036.762981773961,94.36492598474071,17.402665040083637,East,Spring,0.3951154011935598
2397.1622133764126,13.885636221731051,15.500951556788033,East,Autumn,59.50819241887582
2637.35317445744,24.833333415649342,22.763287612719754,South,Spring,64.56546661098106
8756.070589121657,21.85558961091057,8.474881979185568,South,Autumn,40.45501506720059
9515.039159202695,75.3381918986766,10.591511748009072,North,Winter,3.573565646381878
4359.7838465177765,83.60067968712505,26.82282907599752,East,Winter,25.91796229749558
3436.702058291984,29.216022967960473,28.393695394512164,North,Autumn,84.168525050722
6795.9958891511415,55.52674236566461,26.776746824594234,West,Summer,78.05670144638505
4678.607539882867,85.663272521008,12.583439818719407,West,Spring,-15.47870474717945
1228.4772009431038,75.95213902896255,23.41096509020645,East,Winter,13.073999735703286
2405.3733762957136,58.80134849426634,14.290071999032964,East,Summer,8.787653140934982
7443.750059626578,63.13129214128956,14.926195564383066,West,Spring,24.14153393002725
6930.315477191362,55.752449222465195,6.140403271718519,East,Winter,14.5937509840732
1243.8639325313513,36.77936061869385,17.733909097755493,South,Winter,37.81227894342505
2997.749457396545,60.85197935731145,5.584076932600438,South,Autumn,1.787149696925535
3079.6731692926423,71.99967718450816,9.946940972015813,East,Spring,0.8623765102258466
7047.034692388555,88.59906242747269,25.650906048598053,West,Summer,21.523070776990128
1177.3948397892773,67.26622185813233,6.212274276325656,North,Summer,-3.194985704956208
1936.9772378611647,78.50093833388422,2.134748555202984,East,Summer,-20.311579847035418
8199.244768358705,24.40644714591157,2.0702277783844893,East,Spring,29.853819242163745
2606.9019584890025,51.54017269778109,28.223535615093237,North,Summer,71.40456710539819
6874.714970666872,10.839845784438397,15.207613138855038,East,Summer,89.22349680058309
3143.645029420539,32.20109780694607,12.28236215451055,North,Summer,52.55244180488125
1894.9725348341065,75.38155436017044,24.326357430237554,West,Autumn,30.963206983401026
3188.5497189950866,99.26289562144271,25.07477783731548,South,Autumn,14.700270415582342
7500.402386700933,18.92602896284943,9.965730993468139,West,Spring,69.58094573502397
8701.268212956573,46.13448842751594,20.808541724213857,South,Spring,50.53535863550547
8471.978781102924,82.00638718292436,23.1336844755566,North,Summer,23.041636908491622
4574.651766566094,28.363207116600897,19.639520605978635,South,Autumn,53.7813607566955
7012.766229135816,59.95764543720576,4.547852244002981,West,Winter,8.114096068653634
2844.858658742389,75.97641664267073,26.276492505511712,South,Winter,21.88485988448096
3638.329572349119,65.43869052341611,16.17283658208026,North,Summer,18.69067109360459
9067.022366690078,26.922226115387453,8.474172791100111,South,Summer,49.623701183228796
1117.0173115966243,41.984611181716545,12.756845563130817,East,Autumn,37.76136925475691
1769.5767776902126,80.54126060368574,1.1271327119672214,West,Autumn,-26.21617874584753
2870.9762963142457,59.8803862718815,3.8360040366725268,East,Autumn,4.925280638823306
1238.7898348643776,10.470665218862147,22.966402515475824,North,Spring,94.06745677657982
2632.918915808176,78.48916840252845,0.0003490426609842334,South,Spring,-19.89544518385178
6247.37404872723,13.178021944621516,12.496974854468766,East,Summer,76.40560510453847
4792.820955332481,77.1160404458109,15.675305432567653,East,Spring,4.27283772622073
9034.045399692774,28.223250414871366,1.6390326000291688,South,Autumn,28.901986819188036
8356.99205564597,96.22661321074422,29.192344889169984,South,Autumn,12.600834097892534
4076.356165280884,43.11466761718761,6.783759937490158,West,Spring,25.63776845837956
3334.8109008816323,39.42384547042712,9.125961589088426,East,Winter,26.487624116074585
4417.231673505403,23.39992452992002,9.11827536765082,East,Summer,55.814087170366406
6312.654482633269,37.50437939411934,6.912499863520497,North,Winter,23.48465899134897
3412.572767405886,88.89856856453805,0.04421466258934248,West,Summer,-39.76848165317162
6617.340170642206,99.67009038645226,21.88034382263989,North,Winter,3.1398125624554436
4684.704869721164,43.14785774561635,29.00536499397856,East,Spring,66.02393493400751
5968.424627667822,50.37495678590883,6.7288044985513515,North,Summer,13.749414956505143
4925.13876221785,74.98638443824633,19.891415754102674,East,Summer,20.89676923044668
3650.191835877259,89.75762024185671,22.256889808761454,East,Summer,6.794295906461417
9536.07976265941,63.37399007681057,25.45276137271574,North,Autumn,47.15698156937999
7872.452147437847,45.23731283600464,12.678875910408273,North,Autumn,35.8155347482072
2261.0185818980726,47.13596567637614,9.087927169212877,South,Winter,9.549808516960303
8816.211783081215,72.60563318471262,9.758854020690933,South,Spring,3.4078967534202054
5386.880784245623,10.289643724385082,21.378639992955385,South,Autumn,69.9244014072481
9050.970042046822,65.76304037138567,24.50338399516908,East,Summer,50.00930306335657
8198.697303525838,41.99437093972217,5.44841903269808,North,Autumn,23.37406439558314
4826.921540223101,81.47775981493758,11.128230244732956,West,Spring,4.798794697937109
1202.2237748810567,18.369157584081893,27.0582059024745,East,Autumn,69.65214771824044
3418.0962344645145,62.93820402535515,24.200805590842176,West,Summer,59.977289961345036
5874.7079319478025,53.28756008975114,29.545752082874273,North,Winter,53.290210295128134
6701.303978435325,67.80929733147048,22.627447790462423,East,Summer,42.28930924856823
3320.9891688988205,15.836823503467151,11.795856030837669,West,Spring,73.7698621768808
2254.204666655417,62.198540868531815,17.719135019839133,West,Winter,29.944043057212042
8514.372131193693,60.533612916357136,19.83042762741961,South,Autumn,28.920891763998497
9859.619626331969,60.459408497455385,2.3536744895137183,South,Autumn,-1.1222890345678826
5731.211640724173,64.31388999368093,16.334908773115952,South,Autumn,25.26362511000067
2545.1135726347316,70.8821143503726,21.279624854178287,East,Winter,18.923876560966402
3450.7659386743208,82.44900997126928,5.019639120031812,North,Summer,-21.599919843536444
1165.5160889272006,34.28386481153929,23.418951522766715,North,Winter,61.506116225967894
9228.689259044491,84.25444691620558,17.51318341542335,South,Winter,3.485399733513674
2059.75974601127,54.843011403710825,28.56665357092784,South,Spring,51.59475897511717
6188.648279628282,16.935245122089803,1.2726689462067509,South,Winter,27.971472432699017
3466.496986184854,15.269583631958128,7.959784126664009,West,Autumn,57.73208561567951
5987.602022642141,40.08144868264547,18.04661637899472,South,Summer,51.83717311565848
6862.783495166778,80.64072794003208,8.896797366177921,West,Summer,-17.800805906062266
8467.676233364815,73.69128412668242,21.432724922137265,North,Summer,28.734664651594255
2857.791445845429,80.97534682051658,22.77015847565793,East,Autumn,21.760313434839365
1098.9624579263243,56.55421507974484,3.0754789219942333,East,Autumn,4.613995048584534
2231.9706706192655,49.61790981599415,15.415633926203032,East,Autumn,29.818917738355506
9100.167776632945,23.270727403565555,15.266716667731677,East,Autumn,60.820641900985684
8865.010698062637,39.53734782483804,11.078423106466232,West,Autumn,43.21436028261276
6376.717919532774,49.061742955648775,27.987745877090163,West,Winter,67.27044830131608
6404.65174390288,17.97403867116555,24.825189596196637,South,Autumn,70.53417579468943
6985.3300709162995,29.855075744009014,20.916281457289102,West,Autumn,75.73178991833251
2578.3415076110464,63.840276465736494,21.429799072049928,South,Autumn,30.235529264414634
9229.707513324638,76.20968028152708,13.851484314393574,South,Autumn,5.5372721334476855
4768.934724028658,99.85127602536546,27.629835632897276,East,Summer,19.76840347563644
4448.246754245477,93.98019982092019,20.837862817598563,West,Autumn,-5.949217238610034
5670.259347545538,67.83086795816723,21.869431849674495,West,Winter,38.13740711451964
1422.6937009754954,47.91232479646648,25.85072711362036,South,Winter,38.410880552632705
2496.5503188047146,67.25596282374094,8.22214768026573,South,Winter,0.3394001638575515
7642.302547837334,80.70864562722087,24.21212711600109,North,Spring,17.498646326374313
1745.1880113261382,20.65025718310486,5.857218088694761,North,Summer,49.04782603665404
6428.368985197494,46.891440072665944,10.360258567346635,South,Autumn,20.297314847593228
3208.1419871318885,85.58220570720555,10.06831362809528,North,Spring,-16.803235009825507
4503.660526377789,44.54496567397396,29.355764051674218,North,Autumn,67.3038314455398
3598.243630936299,61.46850441044679,25.696116712437806,South,Spring,43.47983764595669
4201.054448184543,62.89924247759784,21.035095847707794,South,Spring,30.969018380704878
7471.413146658209,26.602862782027543,21.811702848461703,West,Winter,72.98912575541726
3674.0954406085752,42.601189748705956,16.862183832077132,South,Winter,28.31016701651693
6097.641762672075,40.1060159867739,28.412720013255573,South,Spring,61.571965818956116
5284.453619791897,12.35770376788583,14.887762586470846,East,Winter,65.35672009328344
6973.040488263833,12.177258750221972,11.415531296096836,West,Spring,76.74100698770314
9431.467653922822,84.85273393081961,4.89106010794773,West,Summer,-9.7126983369436
7593.148874892253,34.576372897553114,23.58616956783174,West,Winter,66.21485675385435
2934.463407316811,56.62708896149339,22.033317962267745,East,Winter,32.308360040861146
1280.648215551562,36.88530162298957,11.530651155724046,South,Winter,30.82210178771501
3360.376398698426,94.66113206038065,0.7558024187768808,West,Summer,-44.12718910305444
6355.701376302293,33.336708297919635,25.169919831540323,West,Spring,87.36572392808144
1462.832321358253,48.66911314650416,0.342539503622209,North,Autumn,1.5222070853459093
5467.296224811127,88.54572254361416,21.110993388871528,West,Winter,8.509399887675798
6371.585640252003,85.77402101126278,29.10771329178171,South,Spring,27.45250096834192
4008.1950173526475,26.749127606164958,13.129839844446105,South,Summer,57.3955128790844
7938.209833712397,82.23789788161393,7.049202149878583,North,Autumn,-10.078333108641875
1959.3842782039462,51.23681980641034,21.14613030130145,West,Winter,44.26488630193179
1676.2400356222788,53.46719848768197,24.513844260467554,West,Summer,73.16565792390377
7553.6988058324305,22.01319751743494,16.39290948233542,West,Summer,92.70738617499777
5459.421845855786,17.254136238141218,29.011058257684386,East,Autumn,88.00709976279651
7195.621567849625,75.51453762763887,1.550061649738833,West,Spring,-27.37601626291431
4913.446047433716,54.68150371197698,15.143867949135844,South,Winter,12.50353983569984
3217.6182991519613,49.31656323536616,21.553618419676503,South,Winter,35.24412279548854
8371.920859067797,75.65574057871571,25.87921413447537,East,Spring,34.00048739289847
8194.742910720814,78.89616090919988,5.377668357233701,East,Spring,-12.519994658585373
7252.268237689841,24.30173509024182,24.000104452910442,West,Spring,98.60207168904074
3449.306235069664,64.92026345298771,16.581212271556357,North,Autumn,21.175554192418026
6312.076001821784,22.1818674049917,11.896610459698897,East,Autumn,57.20609769245764
4248.765072460241,77.62375774261412,3.951450857372807,East,Winter,-12.033229291290699
1824.2386599397073,69.12596406404256,25.958872767267373,West,Autumn,33.35191600148754
9255.822179160185,96.09531589751121,4.718196245391461,West,Summer,-29.6369964432586
2231.3676782706525,16.206221472077907,9.293635776272977,East,Winter,42.82140990720615
9552.136184387222,15.134924903612887,8.701365958873106,North,Autumn,63.808100350713275
5014.051956621602,35.39683672238802,26.14242102572563,East,Spring,69.51500375472084
